timestamp,predicted_ghi,actual_ghi,mape
2025-01-02 00:00:00,0.1,0.0,0.0
2025-01-02 01:00:00,0.1,0.0,0.0
2025-01-02 02:00:00,0.1,0.0,0.0
2025-01-02 03:00:00,0.1,0.0,0.0
2025-01-02 04:00:00,0.1,0.0,0.0
2025-01-02 05:00:00,0.1,0.0,0.0
2025-01-02 06:00:00,31.234099905285618,18.0,73.52277725158677
2025-01-02 07:00:00,102.53152034747852,54.83986928,86.9652894757566
2025-01-02 08:00:00,197.70560865783588,137.7867647,43.486646985503896
2025-01-02 09:00:00,420.5709298372276,418.7101449,0.4444088493895975
2025-01-02 10:00:00,455.1338241001708,452.6826087,0.5414865411353236
2025-01-02 11:00:00,680.8121113340912,775.1702128,12.17256544534611
2025-01-02 12:00:00,607.4728110356996,516.0376712,17.718694765650593
2025-01-02 13:00:00,652.6147829187805,323.6842105,101.62082725959243
2025-01-02 14:00:00,488.43666690973737,397.4343434,22.89744835114755
2025-01-02 15:00:00,420.72469934993705,638.0807799,34.064038190294184
2025-01-02 16:00:00,263.0211167691168,366.8830409,28.309273679181175
2025-01-02 17:00:00,89.79601693294728,110.5182482,18.750054044968763
2025-01-02 18:00:00,47.1690678051956,0.0,50.0
2025-01-02 19:00:00,0.1,0.0,0.0
2025-01-02 20:00:00,0.1,0.0,0.0
2025-01-02 21:00:00,0.1,0.0,0.0
2025-01-02 22:00:00,0.1,0.0,0.0
2025-01-02 23:00:00,0.1,0.0,0.0
2025-01-03 00:00:00,0.1,0.0,0.0
2025-01-03 01:00:00,0.1,0.0,0.0
2025-01-03 02:00:00,0.1,0.0,0.0
2025-01-03 03:00:00,0.1,0.0,0.0
2025-01-03 04:00:00,0.1,0.0,0.0
2025-01-03 05:00:00,0.1,0.0,0.0
2025-01-03 06:00:00,51.68071030507916,50.2688172,2.8086857493817434
2025-01-03 07:00:00,131.5223485044451,147.7027027,10.95467713168319
2025-01-03 08:00:00,399.03638757530075,473.34,15.69772519218727
2025-01-03 09:00:00,671.7109084715855,668.2449568,0.5186648453260084
2025-01-03 10:00:00,799.3176743874689,852.7847594,6.269704567674188
2025-01-03 11:00:00,870.7078193949042,988.4683196,11.913431909760096
2025-01-03 12:00:00,841.7187993815373,646.4579946,30.204716534189696
2025-01-03 13:00:00,841.4965851395357,1007.636364,16.488068989584846
2025-01-03 14:00:00,709.4047626911276,681.7154472,4.061711613673358
2025-01-03 15:00:00,687.4978514913009,663.4061625,3.631514199463121
2025-01-03 16:00:00,261.4500131079207,187.1851852,39.67452222705107
2025-01-03 17:00:00,74.87528661323066,72.40372671,3.4135810621047735
2025-01-03 18:00:00,10.85763213253612,0.375,100.0
2025-01-03 19:00:00,0.1,0.333333333,69.99999997
2025-01-03 20:00:00,0.1,0.0,0.0
2025-01-03 21:00:00,0.1,0.0,0.0
2025-01-03 22:00:00,0.1,0.0,0.0
2025-01-03 23:00:00,0.1,0.0,0.0
2025-01-04 00:00:00,0.1,0.0,0.0
2025-01-04 01:00:00,0.1,0.0,0.0
2025-01-04 02:00:00,0.1,0.0,0.0
2025-01-04 03:00:00,0.1,0.0,0.0
2025-01-04 04:00:00,0.1,0.0,0.0
2025-01-04 05:00:00,0.1,0.0,0.0
2025-01-04 06:00:00,34.45058216686398,13.5,100.0
2025-01-04 07:00:00,103.37790459678735,52.97916667,95.12935195963766
2025-01-04 08:00:00,164.95621751652908,82.0,101.16611892259644
2025-01-04 09:00:00,211.56238607488757,181.6238318,16.48382482528791
2025-01-04 10:00:00,274.4548291024399,242.5798319,13.140003005517741
2025-01-04 11:00:00,340.9682819816576,284.3892734,19.89491653648903
2025-01-04 12:00:00,330.44363311313134,270.9456522,21.959378358731737
2025-01-04 13:00:00,410.52067451704187,363.4410774,12.953845903672168
2025-01-04 14:00:00,410.79591658095643,459.8495822,10.667328517373514
2025-01-04 15:00:00,388.2201207397315,318.9145907,21.73168994482493
2025-01-04 16:00:00,246.9676669056948,277.5211268,11.0094176420392
2025-01-04 17:00:00,97.31038006590312,131.13,25.790909733925783
2025-01-04 18:00:00,75.6774338803469,0.0,50.0
2025-01-04 19:00:00,0.1,0.0,0.0
2025-01-04 20:00:00,0.1,0.0,0.0
2025-01-04 21:00:00,0.1,0.0,0.0
2025-01-04 22:00:00,0.1,0.0,0.0
2025-01-04 23:00:00,0.1,0.0,0.0
2025-01-05 00:00:00,0.1,0.0,0.0
2025-01-05 01:00:00,0.1,0.0,0.0
2025-01-05 02:00:00,0.1,0.0,0.0
2025-01-05 03:00:00,0.1,0.0,0.0
2025-01-05 04:00:00,0.1,0.0,0.0
2025-01-05 05:00:00,0.1,0.0,0.0
2025-01-05 06:00:00,44.55198029506983,47.24528302,5.700680687614961
2025-01-05 07:00:00,131.40950267355706,152.5820896,13.876194107675227
2025-01-05 08:00:00,328.528198066286,414.3343465,20.7093978953333
2025-01-05 09:00:00,658.964221994583,692.6219839,4.85947063301365
2025-01-05 10:00:00,794.9085258705488,1059.405333,24.966535365690017
2025-01-05 11:00:00,775.1108688356338,936.4541779,17.229172859923462
2025-01-05 12:00:00,697.1588711137426,539.3168605,29.267026895359354
2025-01-05 13:00:00,722.6710879518735,639.7945946,12.953609494573476
2025-01-05 14:00:00,519.5036262382105,386.443787,34.431874366817155
2025-01-05 15:00:00,399.3112827381257,166.6859903,139.5589947418189
2025-01-05 16:00:00,203.26839129293904,162.4522613,25.12499959453568
2025-01-05 17:00:00,117.94842462055986,42.0,180.82958242990443
2025-01-05 18:00:00,11.11262839853513,0.0,50.0
2025-01-05 19:00:00,0.1,0.0,0.0
2025-01-05 20:00:00,0.1,0.0,0.0
2025-01-05 21:00:00,0.1,0.0,0.0
2025-01-05 22:00:00,0.1,0.0,0.0
2025-01-05 23:00:00,0.1,0.0,0.0
2025-01-06 00:00:00,0.1,0.0,0.0
2025-01-06 01:00:00,0.1,0.0,0.0
2025-01-06 02:00:00,0.1,0.0,0.0
2025-01-06 03:00:00,0.1,0.0,0.0
2025-01-06 04:00:00,0.1,0.0,0.0
2025-01-06 05:00:00,0.1,0.2,50.0
2025-01-06 06:00:00,63.132089857063775,61.61666667,2.459437144141401
2025-01-06 07:00:00,283.9316690255491,302.0171429,5.988227588934947
2025-01-06 08:00:00,666.5548915107596,755.7677054,11.804263830249706
2025-01-06 09:00:00,917.4325176368934,980.7136986,6.452564194162122
2025-01-06 10:00:00,917.5129539472465,980.6908078,6.442178651034921
2025-01-06 11:00:00,1012.273767021522,1036.586402,2.3454518534652693
2025-01-06 12:00:00,985.4365671785522,1034.955801,4.784671362158766
2025-01-06 13:00:00,963.220139798758,1011.676471,4.789706253951412
2025-01-06 14:00:00,931.5224667417353,937.0063091,0.5852513803809787
2025-01-06 15:00:00,642.8392617441184,762.0061538,15.638573450045751
2025-01-06 16:00:00,380.92692565136286,392.8634538,3.0383401747299756
2025-01-06 17:00:00,103.77087470453127,106.6505376,2.700092245450379
2025-01-06 18:00:00,46.85888635267353,0.0,50.0
2025-01-06 19:00:00,0.1,0.0,0.0
2025-01-06 20:00:00,0.1,0.0,0.0
2025-01-06 21:00:00,0.1,0.0,0.0
2025-01-06 22:00:00,0.1,0.166666667,40.000000119999996
2025-01-06 23:00:00,0.1,0.0,0.0
2025-01-07 00:00:00,0.1,0.0,0.0
2025-01-07 01:00:00,0.1,0.0,0.0
2025-01-07 02:00:00,0.1,0.0,0.0
2025-01-07 03:00:00,0.1,0.0,0.0
2025-01-07 04:00:00,0.1,0.0,0.0
2025-01-07 05:00:00,0.1,0.333333333,69.99999997
2025-01-07 06:00:00,52.359223663028075,53.93859649,2.928094036085526
2025-01-07 07:00:00,318.3651668038368,317.5287009,0.26343001481943346
2025-01-07 08:00:00,733.8534493538177,809.228739,9.31446030195701
2025-01-07 09:00:00,856.5433934630073,925.9832402,7.499039261444363
2025-01-07 10:00:00,908.6537232368701,942.5295858,3.5941431519496274
2025-01-07 11:00:00,951.8835336076435,952.0553506,0.018046954123858854
2025-01-07 12:00:00,961.7038532193928,967.1942675,0.567664063477008
2025-01-07 13:00:00,959.2439381934316,947.4347826,1.2464346686770758
2025-01-07 14:00:00,886.5241745350534,913.3448276,2.9365308976921027
2025-01-07 15:00:00,781.425562104513,766.3275862,1.970172570633862
2025-01-07 16:00:00,431.10609004062525,414.8327402,3.922870174803348
2025-01-07 17:00:00,123.09094314915541,107.345,14.668538962369379
2025-01-07 18:00:00,53.97736475057707,0.0,50.0
2025-01-07 19:00:00,0.1,0.0,0.0
2025-01-07 20:00:00,0.1,0.0,0.0
2025-01-07 21:00:00,0.1,0.0,0.0
2025-01-07 22:00:00,0.1,0.0,0.0
2025-01-07 23:00:00,0.1,0.0,0.0
2025-01-08 00:00:00,0.1,0.0,0.0
2025-01-08 01:00:00,0.1,0.0,0.0
2025-01-08 02:00:00,0.1,0.0,0.0
2025-01-08 03:00:00,0.1,0.0,0.0
2025-01-08 04:00:00,0.1,0.0,0.0
2025-01-08 05:00:00,0.1,0.0,0.0
2025-01-08 06:00:00,65.29361089449989,76.85,15.037591549121801
2025-01-08 07:00:00,173.04788444921604,160.2756184,7.96893886713341
2025-01-08 08:00:00,344.63402626507957,329.7836257,4.503073957525343
2025-01-08 09:00:00,685.9382459188678,664.0596206,3.294677863276748
2025-01-08 10:00:00,842.8529070526633,924.2229917,8.804161482464949
2025-01-08 11:00:00,938.2062376274075,1004.285285,6.579708809792281
2025-01-08 12:00:00,949.7477286401283,905.2857143,4.911379207448116
2025-01-08 13:00:00,963.3521550782308,1035.712291,6.986509337637015
2025-01-08 14:00:00,913.1258528884919,942.6064516,3.12756173708202
2025-01-08 15:00:00,768.7865247082019,762.7571429,0.790472021707756
2025-01-08 16:00:00,400.2689931600119,382.9496403,4.522618913140658
2025-01-08 17:00:00,113.7456913602318,97.08571429,17.160070554219338
2025-01-08 18:00:00,16.04525349720035,0.0,50.0
2025-01-08 19:00:00,0.1,0.0,0.0
2025-01-08 20:00:00,0.1,0.0,0.0
2025-01-08 21:00:00,0.1,0.0,0.0
2025-01-08 22:00:00,0.1,0.0,0.0
2025-01-08 23:00:00,0.1,0.0,0.0
2025-01-09 00:00:00,0.1,0.0,0.0
2025-01-09 01:00:00,0.1,0.0,0.0
2025-01-09 02:00:00,0.1,0.0,0.0
2025-01-09 03:00:00,0.1,0.0,0.0
2025-01-09 04:00:00,0.1,0.0,0.0
2025-01-09 05:00:00,0.1,0.2,50.0
2025-01-09 06:00:00,73.29631749485881,71.08490566,3.110944319791347
2025-01-09 07:00:00,309.1626948121221,332.3235294,6.969363448231933
2025-01-09 08:00:00,638.8999594461653,703.5674487,9.19137026212945
2025-01-09 09:00:00,778.9131300516827,879.4176471,11.428530844217716
2025-01-09 10:00:00,871.6759937022899,933.7591463,6.648733010403506
2025-01-09 11:00:00,905.6596747466248,945.398524,4.203396582981674
2025-01-09 12:00:00,927.1545305500656,937.8690909,1.1424366634849237
2025-01-09 13:00:00,935.7113907042014,929.9850187,0.6157488442347415
2025-01-09 14:00:00,868.6687056071196,906.0065789,4.12114814201604
2025-01-09 15:00:00,749.9662582706089,753.7544379,0.5025747695688676
2025-01-09 16:00:00,432.7938251770039,391.9723183,10.414385141799928
2025-01-09 17:00:00,106.26622677436619,81.33116883,30.658674039820994
2025-01-09 18:00:00,9.71523697538945,0.0,50.0
2025-01-09 19:00:00,0.1,0.0,0.0
2025-01-09 20:00:00,0.1,0.0,0.0
2025-01-09 21:00:00,0.1,0.705882353,85.8333333345139
2025-01-09 22:00:00,0.1,0.0,0.0
2025-01-09 23:00:00,0.1,0.0,0.0
2025-01-10 00:00:00,0.1,0.0,0.0
2025-01-10 01:00:00,0.1,0.0,0.0
2025-01-10 02:00:00,0.1,0.0,0.0
2025-01-10 03:00:00,0.1,0.0,0.0
2025-01-10 04:00:00,0.1,0.0,0.0
2025-01-10 05:00:00,0.1,0.0,0.0
2025-01-10 06:00:00,71.47713615839741,76.6,6.687811803658722
2025-01-10 07:00:00,336.52438255324006,341.7370242,1.525337109422851
2025-01-10 08:00:00,738.7853511563903,717.8456376,2.9170217745417837
2025-01-10 09:00:00,897.9235932537953,912.4129213,1.5880231097078743
2025-01-10 10:00:00,919.3787232307225,973.6675532,5.575704950920364
2025-01-10 11:00:00,958.526153616984,961.6945946,0.32946436434259774
2025-01-10 12:00:00,954.4422135362815,919.9973046,3.7440228100730826
2025-01-10 13:00:00,932.2760808757741,930.2657143,0.21610670423201345
2025-01-10 14:00:00,869.1096621053354,914.0711974,4.918822015457218
2025-01-10 15:00:00,744.6129109883904,749.3522013,0.6324516433511267
2025-01-10 16:00:00,450.83328844663,410.4430769,9.840636575402787
2025-01-10 17:00:00,101.09888694657069,75.66423358,33.615160245664235
2025-01-10 18:00:00,11.930441231595946,0.0,50.0
2025-01-10 19:00:00,0.1,0.0,0.0
2025-01-10 20:00:00,0.1,0.0,0.0
2025-01-10 21:00:00,0.1,0.5,80.0
2025-01-10 22:00:00,0.1,0.0,0.0
2025-01-10 23:00:00,0.1,0.0,0.0
2025-01-11 00:00:00,0.1,0.0,0.0
2025-01-11 01:00:00,0.1,1.846153846,94.58333333288194
2025-01-11 02:00:00,0.1,0.0,0.0
2025-01-11 03:00:00,0.1,0.0,0.0
2025-01-11 04:00:00,0.1,0.0,0.0
2025-01-11 05:00:00,0.1,0.0,0.0
2025-01-11 06:00:00,70.33643316301429,66.03703704,6.510583023902264
2025-01-11 07:00:00,345.18178503114774,363.1971831,4.9602251633906675
2025-01-11 08:00:00,730.1451284983972,740.2961783,1.3712146704462822
2025-01-11 09:00:00,881.0166164529554,910.1254125,3.1983280158155805
2025-01-11 10:00:00,910.1410524030287,950.3323077,4.229179095704161
2025-01-11 11:00:00,953.6258107473482,970.6756757,1.7564945099048066
2025-01-11 12:00:00,965.458124366296,961.2059801,0.4423759687651572
2025-01-11 13:00:00,964.025519779014,949.2169492,1.5600828231622474
2025-01-11 14:00:00,895.2636089960424,924.7987421,3.1936822315404836
2025-01-11 15:00:00,786.7526405952112,776.2152778,1.3575309706705267
2025-01-11 16:00:00,448.1861280665928,413.467354,8.396980736378234
2025-01-11 17:00:00,101.74628865351545,108.4776119,6.205264965355077
2025-01-11 18:00:00,55.43515648922569,0.0,50.0
2025-01-11 19:00:00,0.1,0.0,0.0
2025-01-11 20:00:00,0.1,0.0,0.0
2025-01-11 21:00:00,0.1,0.0,0.0
2025-01-11 22:00:00,0.1,0.0,0.0
2025-01-11 23:00:00,0.1,0.166666667,40.000000119999996
2025-01-12 00:00:00,0.1,0.882352941,88.66666666440001
2025-01-12 01:00:00,0.1,0.0,0.0
2025-01-12 02:00:00,0.1,0.0,0.0
2025-01-12 03:00:00,0.1,0.166666667,40.000000119999996
2025-01-12 04:00:00,0.1,0.0,0.0
2025-01-12 05:00:00,0.1,0.0,0.0
2025-01-12 06:00:00,48.01655118311944,43.85,9.501827099474202
2025-01-12 07:00:00,186.60700025854015,183.6242775,1.6243618758636904
2025-01-12 08:00:00,546.6114790667192,584.634349,6.503700988201917
2025-01-12 09:00:00,862.3949603560802,935.9731183,7.861140080343245
2025-01-12 10:00:00,895.4718595459091,940.0967742,4.746842652668998
2025-01-12 11:00:00,935.7088461773228,953.7360248,1.89016438028096
2025-01-12 12:00:00,951.0583033363403,954.1120944,0.3200662774933363
2025-01-12 13:00:00,930.5295334542734,931.3053221,0.08330121468406099
2025-01-12 14:00:00,866.1003025022055,893.4365782,3.059677246802303
2025-01-12 15:00:00,707.028150969246,724.1524927,2.3647424960046752
2025-01-12 16:00:00,366.04790017122275,365.89375,0.04212976341430775
2025-01-12 17:00:00,115.44609460655276,90.25,27.91811036737148
2025-01-12 18:00:00,17.898477600964736,0.0,50.0
2025-01-12 19:00:00,0.1,0.0,0.0
2025-01-12 20:00:00,0.1,0.0,0.0
2025-01-12 21:00:00,0.1,0.0,0.0
2025-01-12 22:00:00,0.1,0.0,0.0
2025-01-12 23:00:00,0.1,0.0,0.0
2025-01-13 00:00:00,0.1,0.0,0.0
2025-01-13 01:00:00,0.1,0.0,0.0
2025-01-13 02:00:00,0.1,0.0,0.0
2025-01-13 03:00:00,0.1,0.0,0.0
2025-01-13 04:00:00,0.1,0.0,0.0
2025-01-13 05:00:00,0.1,0.2,50.0
2025-01-13 06:00:00,50.75839799355523,43.54255319,16.57193773655979
2025-01-13 07:00:00,307.47778533266984,331.3883495,7.215270000712612
2025-01-13 08:00:00,705.674995687342,739.8491124,4.619065717575905
2025-01-13 09:00:00,918.1578141891132,914.6051136,0.3884409278152121
2025-01-13 10:00:00,907.0398914458243,960.8953168,5.60471306422083
2025-01-13 11:00:00,965.9513749164128,1022.997222,5.57634428098058
2025-01-13 12:00:00,977.876572315941,989.3116531,1.155862336021945
2025-01-13 13:00:00,964.833959984698,922.3614776,4.604754580082008
2025-01-13 14:00:00,887.3382757022123,925.9108108,4.16590179614174
2025-01-13 15:00:00,730.9888880573873,744.2627119,1.7834863456650256
2025-01-13 16:00:00,417.83789446894093,427.8850174,2.3480894451760372
2025-01-13 17:00:00,128.3490407553213,114.0865385,12.501476898890493
2025-01-13 18:00:00,77.4177944247514,0.0,50.0
2025-01-13 19:00:00,0.1,0.0,0.0
2025-01-13 20:00:00,0.1,0.0,0.0
2025-01-13 21:00:00,0.1,0.0,0.0
2025-01-13 22:00:00,0.1,0.0,0.0
2025-01-13 23:00:00,0.1,0.0,0.0
2025-01-14 00:00:00,0.1,0.0,0.0
2025-01-14 01:00:00,0.1,0.0,0.0
2025-01-14 02:00:00,0.1,0.0,0.0
2025-01-14 03:00:00,0.1,0.166666667,40.000000119999996
2025-01-14 04:00:00,0.1,0.0,0.0
2025-01-14 05:00:00,0.1,0.0,0.0
2025-01-14 06:00:00,49.869066900083226,41.24719101,20.90294073114683
2025-01-14 07:00:00,284.61062750028697,299.4345048,4.950624280796996
2025-01-14 08:00:00,804.2277907177457,811.6620879,0.9159350046136642
2025-01-14 09:00:00,900.2836970552618,948.3772894,5.071145511631252
2025-01-14 10:00:00,918.949851425903,972.6832579,5.52424502402828
2025-01-14 11:00:00,924.9725297873917,1008.738983,8.304076141033622
2025-01-14 12:00:00,931.8199869741849,979.4799465,4.865843317785078
2025-01-14 13:00:00,477.00138696498186,387.2806452,23.16685403130543
2025-01-14 14:00:00,545.0747910324201,612.4224138,10.996923242847497
2025-01-14 15:00:00,458.25229312439745,871.8504155,47.43911513059347
2025-01-14 16:00:00,243.05666192677865,127.4709677,90.67609379008317
2025-01-14 17:00:00,109.05430949442444,30.73529412,200.0
2025-01-14 18:00:00,11.26374459794969,0.0,50.0
2025-01-14 19:00:00,0.1,0.0,0.0
2025-01-14 20:00:00,0.1,0.0,0.0
2025-01-14 21:00:00,0.1,0.0,0.0
2025-01-14 22:00:00,0.1,0.0,0.0
2025-01-14 23:00:00,0.1,0.0,0.0
2025-01-15 00:00:00,0.1,0.0,0.0
2025-01-15 01:00:00,0.1,0.0,0.0
2025-01-15 02:00:00,0.1,0.0,0.0
2025-01-15 03:00:00,0.1,0.0,0.0
2025-01-15 04:00:00,0.1,0.0,0.0
2025-01-15 05:00:00,0.1,0.0,0.0
2025-01-15 06:00:00,50.80911845781857,48.67123288,4.392503438508691
2025-01-15 07:00:00,158.26436750513056,148.5384615,6.547735789717031
2025-01-15 08:00:00,463.36041549804486,481.8361204,3.8344375026549313
2025-01-15 09:00:00,443.5151741748705,431.4174174,2.804188307412204
2025-01-15 10:00:00,921.0091377503459,1167.400538,21.105986525565076
2025-01-15 11:00:00,848.3721221679026,943.0085714,10.035587385128347
2025-01-15 12:00:00,983.6312074719594,1026.68323,4.1933111664871205
2025-01-15 13:00:00,770.0782680638749,693.0769231,11.110071970000481
2025-01-15 14:00:00,824.8845215334209,1026.29375,19.62491035988275
2025-01-15 15:00:00,686.3914466624367,816.3394161,15.918374988969653
2025-01-15 16:00:00,300.89994898277905,491.0344828,38.72121826007551
2025-01-15 17:00:00,97.27687056474687,125.4101382,22.433009036627578
2025-01-15 18:00:00,112.37640644120356,0.0,50.0
2025-01-15 19:00:00,0.1,0.0,0.0
2025-01-15 20:00:00,0.1,0.0,0.0
2025-01-15 21:00:00,0.1,0.0,0.0
2025-01-15 22:00:00,0.1,0.0,0.0
2025-01-15 23:00:00,0.1,0.0,0.0
2025-01-16 00:00:00,0.1,0.0,0.0
2025-01-16 01:00:00,0.1,0.0,0.0
2025-01-16 02:00:00,0.1,0.0,0.0
2025-01-16 03:00:00,0.1,0.0,0.0
2025-01-16 04:00:00,0.1,0.0,0.0
2025-01-16 05:00:00,0.1,0.0,0.0
2025-01-16 06:00:00,74.95236949900276,87.55208333,14.391106815250293
2025-01-16 07:00:00,312.96337660213527,358.9077491,12.801164815492339
2025-01-16 08:00:00,666.0291780125567,731.0053004,8.888597983063722
2025-01-16 09:00:00,873.4349212166028,906.8448845,3.6841982410054874
2025-01-16 10:00:00,772.3411414502832,949.1442006,18.627628872193604
2025-01-16 11:00:00,952.5355228104518,999.3807471,4.687425130560457
2025-01-16 12:00:00,977.7068355313593,1047.703081,6.680923893230474
2025-01-16 13:00:00,944.3015972898768,1045.256173,9.658357282920655
2025-01-16 14:00:00,913.8007154777843,1033.024024,11.541194178676314
2025-01-16 15:00:00,829.9630192953747,902.7096774,8.05869926133411
2025-01-16 16:00:00,434.95341188070057,477.7572816,8.959333822385728
2025-01-16 17:00:00,128.38050139800893,130.7733333,1.8297552273151847
2025-01-16 18:00:00,114.26583799212608,0.0,50.0
2025-01-16 19:00:00,0.1,0.0,0.0
2025-01-16 20:00:00,0.1,0.0,0.0
2025-01-16 21:00:00,0.1,0.0,0.0
2025-01-16 22:00:00,0.1,0.0,0.0
2025-01-16 23:00:00,0.1,0.0,0.0
2025-01-17 00:00:00,0.1,0.0,0.0
2025-01-17 01:00:00,0.1,0.0,0.0
2025-01-17 02:00:00,0.1,0.0,0.0
2025-01-17 03:00:00,0.1,0.0,0.0
2025-01-17 04:00:00,0.1,0.0,0.0
2025-01-17 05:00:00,0.1,0.0,0.0
2025-01-17 06:00:00,84.06241550498608,83.10752688,1.1489797143944116
2025-01-17 07:00:00,339.9612549399806,359.7683824,5.505522004987448
2025-01-17 08:00:00,701.5020006190516,729.1587591,3.7929680108465127
2025-01-17 09:00:00,880.1153853359534,908.8145161,3.1578644768135185
2025-01-17 10:00:00,902.8836999263652,942.4707904,4.200351976620242
2025-01-17 11:00:00,935.682521832809,984.5822785,4.966548528751629
2025-01-17 12:00:00,917.6432184145447,971.7326733,5.566289615616996
2025-01-17 13:00:00,910.4670809919961,959.975,5.157209198989964
2025-01-17 14:00:00,900.1202946788773,923.2600619,2.5063108625648574
2025-01-17 15:00:00,788.8295247407225,768.3042071,2.671509208337707
2025-01-17 16:00:00,455.29118765989324,414.6845878,9.792165191216991
2025-01-17 17:00:00,149.9698076628503,111.3762376,34.65152971090333
2025-01-17 18:00:00,61.07865233870334,0.0,50.0
2025-01-17 19:00:00,0.1,0.0,0.0
2025-01-17 20:00:00,0.1,0.0,0.0
2025-01-17 21:00:00,0.1,0.0,0.0
2025-01-17 22:00:00,0.1,0.0,0.0
2025-01-17 23:00:00,0.1,0.0,0.0
2025-01-18 00:00:00,0.1,0.0,0.0
2025-01-18 01:00:00,0.1,0.0,0.0
2025-01-18 02:00:00,0.1,0.0,0.0
2025-01-18 03:00:00,0.1,0.0,0.0
2025-01-18 04:00:00,0.1,0.0,0.0
2025-01-18 05:00:00,0.1,0.0,0.0
2025-01-18 06:00:00,60.60111509299555,56.02409639,8.169732307922642
2025-01-18 07:00:00,319.1799613029334,321.683642,0.7783052571465892
2025-01-18 08:00:00,734.1367399558856,753.3130564,2.545597249536068
2025-01-18 09:00:00,900.8570481601142,918.0536278,1.8731563297772882
2025-01-18 10:00:00,926.545108268966,961.5280236,3.6382626894280725
2025-01-18 11:00:00,970.8896497910551,1005.749326,3.466040225707777
2025-01-18 12:00:00,967.5129171274114,1023.097222,5.432944560628338
2025-01-18 13:00:00,967.1789324330119,986.1919771,1.927925303438173
2025-01-18 14:00:00,915.024613336788,931.3382789,1.7516369650864136
2025-01-18 15:00:00,796.9444928209834,801.419708,0.5584109218108437
2025-01-18 16:00:00,439.10114644081415,427.6721854,2.672364823100361
2025-01-18 17:00:00,129.49914128976508,113.2427184,14.355380301224804
2025-01-18 18:00:00,86.99881783243517,0.0,50.0
2025-01-18 19:00:00,0.1,0.0,0.0
2025-01-18 20:00:00,0.1,0.0,0.0
2025-01-18 21:00:00,0.1,0.0,0.0
2025-01-18 22:00:00,0.1,0.0,0.0
2025-01-18 23:00:00,0.1,0.0,0.0
2025-01-19 00:00:00,0.1,0.0,0.0
2025-01-19 01:00:00,0.1,0.0,0.0
2025-01-19 02:00:00,0.1,0.0,0.0
2025-01-19 03:00:00,0.1,0.0,0.0
2025-01-19 04:00:00,0.1,0.0,0.0
2025-01-19 05:00:00,0.1,0.0,0.0
2025-01-19 06:00:00,62.32443301551925,66.34883721,6.065523321445941
2025-01-19 07:00:00,334.7184253290727,336.7045455,0.5898703173068031
2025-01-19 08:00:00,730.5631577201872,746.3616071,2.1167285709132284
2025-01-19 09:00:00,910.1224465616359,932.5467422,2.404629668799472
2025-01-19 10:00:00,912.2648185757012,963.421875,5.309933036791265
2025-01-19 11:00:00,972.0588030559418,974.7056738,0.27155589786802975
2025-01-19 12:00:00,960.681435042196,977.8178808,1.7525191647941523
2025-01-19 13:00:00,955.4917267285174,971.9250936,1.6908059046622168
2025-01-19 14:00:00,899.0533174526036,934.8041958,3.8244242492729787
2025-01-19 15:00:00,794.205892764888,811.4059041,2.119778923002798
2025-01-19 16:00:00,508.98690609327696,447.2423208,13.805622236918893
2025-01-19 17:00:00,137.2113355648014,119.8333333,14.50180996075271
2025-01-19 18:00:00,88.3372293571415,0.0,50.0
2025-01-19 19:00:00,0.1,0.0,0.0
2025-01-19 20:00:00,0.1,0.0,0.0
2025-01-19 21:00:00,0.1,0.0,0.0
2025-01-19 22:00:00,0.1,0.0,0.0
2025-01-19 23:00:00,0.1,0.0,0.0
2025-01-20 00:00:00,0.1,0.0,0.0
2025-01-20 01:00:00,0.1,0.0,0.0
2025-01-20 02:00:00,0.1,0.0,0.0
2025-01-20 03:00:00,0.1,0.0,0.0
2025-01-20 04:00:00,0.1,0.0,0.0
2025-01-20 05:00:00,0.1,0.0,0.0
2025-01-20 06:00:00,71.77356763200511,80.17647059,10.48050992536822
2025-01-20 07:00:00,345.461693368848,360.8003247,4.251279802451903
2025-01-20 08:00:00,754.801160428211,759.3532934,0.5994749757924707
2025-01-20 09:00:00,905.0677871514074,932.6438746,2.95676497745934
2025-01-20 10:00:00,937.7971128747467,964.3848397,2.7569623381392208
2025-01-20 11:00:00,951.2436931636137,973.7238095,2.3086748128229213
2025-01-20 12:00:00,962.1648599714362,965.8225806,0.3787155842112933
2025-01-20 13:00:00,964.6033471726912,949.748366,1.5640965232985902
2025-01-20 14:00:00,882.9514977933867,930.689759,5.129342054639852
2025-01-20 15:00:00,780.7309760058314,796.8375,2.0213059744513258
2025-01-20 16:00:00,545.7353123163435,442.7064846,23.272491210385926
2025-01-20 17:00:00,151.66490222450776,121.2264151,25.108790934219222
2025-01-20 18:00:00,84.72765713476396,0.0,50.0
2025-01-20 19:00:00,0.1,0.0,0.0
2025-01-20 20:00:00,0.1,0.0,0.0
2025-01-20 21:00:00,0.1,0.0,0.0
2025-01-20 22:00:00,0.1,0.0,0.0
2025-01-20 23:00:00,0.1,0.0,0.0
2025-01-21 00:00:00,0.1,0.0,0.0
2025-01-21 01:00:00,0.1,0.0,0.0
2025-01-21 02:00:00,0.1,0.0,0.0
2025-01-21 03:00:00,0.1,0.0,0.0
2025-01-21 04:00:00,0.1,0.0,0.0
2025-01-21 05:00:00,0.1,0.0,0.0
2025-01-21 06:00:00,72.99752656935613,86.29545455,15.40976642395341
2025-01-21 07:00:00,285.6866652893902,272.7841727,4.729927129452622
2025-01-21 08:00:00,788.1741173453324,875.9651163,10.022202633535118
2025-01-21 09:00:00,840.1572143978643,939.472119,10.57135199582604
2025-01-21 10:00:00,935.4681059219682,964.7113821,3.0312979322763405
2025-01-21 11:00:00,955.6749298908552,974.369863,1.9186690618267628
2025-01-21 12:00:00,963.6888861543068,972.875,0.9442234455292994
2025-01-21 13:00:00,911.7293702294537,959.8190955,5.010290532456519
2025-01-21 14:00:00,894.3243619324007,919.8248175,2.7723165414156985
2025-01-21 15:00:00,783.5776992300184,794.6447876,1.3927088609498794
2025-01-21 16:00:00,501.7826890574396,418.25,19.97195195635137
2025-01-21 17:00:00,163.06094768365776,111.1557789,46.6958796900282
2025-01-21 18:00:00,57.231395944525346,0.0,50.0
2025-01-21 19:00:00,0.1,0.0,0.0
2025-01-21 20:00:00,0.1,0.0,0.0
2025-01-21 21:00:00,0.1,0.0,0.0
2025-01-21 22:00:00,0.1,0.166666667,40.000000119999996
2025-01-21 23:00:00,0.1,0.0,0.0
2025-01-22 00:00:00,0.1,0.0,0.0
2025-01-22 01:00:00,0.1,0.2,50.0
2025-01-22 02:00:00,0.1,0.0,0.0
2025-01-22 03:00:00,0.1,0.0,0.0
2025-01-22 04:00:00,0.1,0.0,0.0
2025-01-22 05:00:00,0.1,0.538461538,81.42857141265306
2025-01-22 06:00:00,76.7382372909007,74.32653061,3.244745397246106
2025-01-22 07:00:00,353.94607531012025,374.1811847,5.407837223590833
2025-01-22 08:00:00,766.7500564442089,763.4231975,0.4357817466253872
2025-01-22 09:00:00,886.1428702034481,927.196875,4.427754870997803
2025-01-22 10:00:00,921.8972034942769,952.2362205,3.186080969467073
2025-01-22 11:00:00,944.1193235951073,958.6831683,1.519150975678264
2025-01-22 12:00:00,945.0393730039573,959.1742739,1.4736530451937846
2025-01-22 13:00:00,894.3450605357485,985.6160714,9.260300588910575
2025-01-22 14:00:00,908.5630867619302,970.3560372,6.368069870145364
2025-01-22 15:00:00,763.7419865376351,789.6409266,3.279837605920373
2025-01-22 16:00:00,397.10321592573484,418.8432056,5.190484024474559
2025-01-22 17:00:00,144.44600993016525,111.6039604,29.427315493514726
2025-01-22 18:00:00,61.97315006689625,0.0,50.0
2025-01-22 19:00:00,0.1,0.0,0.0
2025-01-22 20:00:00,0.1,0.0,0.0
2025-01-22 21:00:00,0.1,0.0,0.0
2025-01-22 22:00:00,0.1,0.2,50.0
2025-01-22 23:00:00,0.1,0.833333333,87.9999999952
2025-01-23 00:00:00,0.1,0.0,0.0
2025-01-23 01:00:00,0.1,0.0,0.0
2025-01-23 02:00:00,0.1,0.0,0.0
2025-01-23 03:00:00,0.1,0.0,0.0
2025-01-23 04:00:00,0.1,0.0,0.0
2025-01-23 05:00:00,0.1,0.0,0.0
2025-01-23 06:00:00,72.20339585397781,72.90804598,0.966491580662422
2025-01-23 07:00:00,328.32243048547434,336.1481481,2.3280561439230705
2025-01-23 08:00:00,726.1083924756846,737.661512,1.5661816885351385
2025-01-23 09:00:00,888.8480422880853,912.0759076,2.5467030888948345
2025-01-23 10:00:00,904.9686403878413,954.5441696,5.193633861168859
2025-01-23 11:00:00,918.3707628428931,904.3449275,1.5509386868201414
2025-01-23 12:00:00,935.0952691081172,962.4476744,2.841962843219973
2025-01-23 13:00:00,924.1871791848719,969.2341598,4.647688090607904
2025-01-23 14:00:00,909.9846231434055,1016.296399,10.460705750920841
2025-01-23 15:00:00,737.1011400714616,741.3177843,0.5688038676314771
2025-01-23 16:00:00,402.308349214034,426.0792453,5.578984742434249
2025-01-23 17:00:00,187.26928824188812,118.6754386,57.79953329103442
2025-01-23 18:00:00,84.00990351644235,0.0,50.0
2025-01-23 19:00:00,0.1,0.0,0.0
2025-01-23 20:00:00,0.1,0.0,0.0
2025-01-23 21:00:00,0.1,0.0,0.0
2025-01-23 22:00:00,0.1,0.0,0.0
2025-01-23 23:00:00,0.1,0.875,88.57142857142858
2025-01-24 00:00:00,0.1,0.357142857,71.99999998879998
2025-01-24 01:00:00,0.1,0.0,0.0
2025-01-24 02:00:00,0.1,0.0,0.0
2025-01-24 03:00:00,0.1,0.0,0.0
2025-01-24 04:00:00,0.1,0.0,0.0
2025-01-24 05:00:00,0.1,0.0,0.0
2025-01-24 06:00:00,50.91678604655202,47.66666667,6.818432258023931
2025-01-24 07:00:00,309.42477957914605,319.0351563,3.012325297409217
2025-01-24 08:00:00,734.2271019453964,778.8873518,5.733852238246558
2025-01-24 09:00:00,881.8105086523584,948.6620209,7.046926173371975
2025-01-24 10:00:00,925.2089695935838,972.2915452,4.842433922093945
2025-01-24 11:00:00,979.4099084681384,1035.779037,5.442196310047703
2025-01-24 12:00:00,893.5848270441096,768.5729443,16.26545452467986
2025-01-24 13:00:00,882.4077876591391,990.6363636,10.925156789879512
2025-01-24 14:00:00,731.0733203477855,788.8043478,7.318801882016509
2025-01-24 15:00:00,460.7335925809501,378.9548193,21.58008530726979
2025-01-24 16:00:00,224.31887589904164,179.5073171,24.96363910005853
2025-01-24 17:00:00,113.52235345677276,46.5877193,143.6744171264309
2025-01-24 18:00:00,12.335409018509349,1.923076923,100.0
2025-01-24 19:00:00,0.1,0.0,0.0
2025-01-24 20:00:00,0.1,0.0,0.0
2025-01-24 21:00:00,0.1,0.0,0.0
2025-01-24 22:00:00,0.1,0.0,0.0
2025-01-24 23:00:00,0.1,0.0,0.0
2025-01-25 00:00:00,0.1,0.0,0.0
2025-01-25 01:00:00,0.1,0.0,0.0
2025-01-25 02:00:00,0.1,0.0,0.0
2025-01-25 03:00:00,0.1,0.0,0.0
2025-01-25 04:00:00,0.1,0.0,0.0
2025-01-25 05:00:00,0.1,0.375,73.33333333333334
2025-01-25 06:00:00,40.51692158539894,21.4047619,89.28928887267342
2025-01-25 07:00:00,294.1019189879139,339.9158576,13.478023336586483
2025-01-25 08:00:00,656.6023311371159,717.6023055,8.50052653055253
2025-01-25 09:00:00,812.3650712116287,878.3873995,7.5163109495824845
2025-01-25 10:00:00,905.2588824871794,967.1948424,6.40366937432508
2025-01-25 11:00:00,924.739656229545,973.7238372,5.0306030415473835
2025-01-25 12:00:00,952.5949353196188,966.5356125,1.4423345606814006
2025-01-25 13:00:00,907.4649581408205,988.4792899,8.195855248254658
2025-01-25 14:00:00,926.5498826703224,940.2055215,1.452409980308505
2025-01-25 15:00:00,713.5568913100808,767.5778547,7.0378480904758165
2025-01-25 16:00:00,378.38548093381974,414.6966292,8.756075094275273
2025-01-25 17:00:00,128.74982245011378,75.9862069,69.43841218387463
2025-01-25 18:00:00,10.05691683412373,0.0,50.0
2025-01-25 19:00:00,0.1,0.0,0.0
2025-01-25 20:00:00,0.1,0.0,0.0
2025-01-25 21:00:00,0.1,0.0,0.0
2025-01-25 22:00:00,0.1,0.0,0.0
2025-01-25 23:00:00,0.1,0.0,0.0
2025-01-26 00:00:00,0.1,0.0,0.0
2025-01-26 01:00:00,0.1,0.0,0.0
2025-01-26 02:00:00,0.1,0.0,0.0
2025-01-26 03:00:00,0.1,0.166666667,40.000000119999996
2025-01-26 04:00:00,0.1,0.0,0.0
2025-01-26 05:00:00,0.1,0.0,0.0
2025-01-26 06:00:00,38.08023375421332,48.45714286,21.41461195053769
2025-01-26 07:00:00,337.9665269324237,346.3671329,2.4253473178131113
2025-01-26 08:00:00,668.3518148089952,715.9934211,6.653916766136161
2025-01-26 09:00:00,873.5862996789677,904.8292683,3.4529131313061687
2025-01-26 10:00:00,879.8141390970608,940.4189723,6.444450291630849
2025-01-26 11:00:00,905.7043755138462,947.5363636,4.414816116103486
2025-01-26 12:00:00,941.4260105881599,952.6871166,1.1820361392131866
2025-01-26 13:00:00,907.3477470688792,919.6941896,1.3424508571148546
2025-01-26 14:00:00,867.0583372570602,905.2268519,4.216458511236949
2025-01-26 15:00:00,748.933907840366,766.7874016,2.3283499079901837
2025-01-26 16:00:00,362.6831795061232,315.3641026,15.004585657024364
2025-01-26 17:00:00,117.64003917025927,40.54166667,190.17070296547647
2025-01-26 18:00:00,14.105931231569675,0.0,50.0
2025-01-26 19:00:00,0.1,0.0,0.0
2025-01-26 20:00:00,0.1,0.0,0.0
2025-01-26 21:00:00,0.1,1.0,90.0
2025-01-26 22:00:00,0.1,0.2,50.0
2025-01-26 23:00:00,0.1,1.757575758,94.31034482895957
2025-01-27 00:00:00,0.1,0.0,0.0
2025-01-27 01:00:00,0.1,0.0,0.0
2025-01-27 02:00:00,0.1,0.0,0.0
2025-01-27 03:00:00,0.1,0.0,0.0
2025-01-27 04:00:00,0.1,0.0,0.0
2025-01-27 05:00:00,0.1,0.0,0.0
2025-01-27 06:00:00,35.38211338530686,28.20338983,25.45340683718394
2025-01-27 07:00:00,128.6167292554639,114.2833333,12.54198275599641
2025-01-27 08:00:00,294.69044412438166,277.1030928,6.346862153962088
2025-01-27 09:00:00,560.2722262859658,581.2967359,3.616829119379592
2025-01-27 10:00:00,772.5888742211413,832.9986737,7.252088314922698
2025-01-27 11:00:00,859.8426710128429,868.9656992,1.0498720715393182
2025-01-27 12:00:00,911.8954798498114,966.4340659,5.643280589390133
2025-01-27 13:00:00,914.1722911092121,954.319209,4.2068646960231
2025-01-27 14:00:00,864.9482428413381,884.1823708,2.1753575499655073
2025-01-27 15:00:00,688.7694048769229,707.1676829,2.6016853524228236
2025-01-27 16:00:00,320.71046590864285,225.5565217,42.186297027226615
2025-01-27 17:00:00,69.78251367438772,75.99431818,8.174038078608731
2025-01-27 18:00:00,13.321391027092359,0.0,50.0
2025-01-27 19:00:00,0.1,0.0,0.0
2025-01-27 20:00:00,0.1,0.0,0.0
2025-01-27 21:00:00,0.1,0.0,0.0
2025-01-27 22:00:00,0.1,0.0,0.0
2025-01-27 23:00:00,0.1,0.0,0.0
2025-01-28 00:00:00,0.1,0.0,0.0
2025-01-28 01:00:00,0.1,0.0,0.0
2025-01-28 02:00:00,0.1,0.0,0.0
2025-01-28 03:00:00,0.1,0.0,0.0
2025-01-28 04:00:00,0.1,0.0,0.0
2025-01-28 05:00:00,0.1,0.0,0.0
2025-01-28 06:00:00,54.92577738944,58.35833333,5.881860815232436
2025-01-28 07:00:00,319.9327947931015,342.7140575,6.6473090929159016
2025-01-28 08:00:00,701.9172293429573,738.5912807,4.965405402875167
2025-01-28 09:00:00,729.551152292376,776.0276243,5.98902288427518
2025-01-28 10:00:00,812.9116683468575,850.8945946,4.4638814835811775
2025-01-28 11:00:00,856.6720087449454,838.5144357,2.165445491679251
2025-01-28 12:00:00,787.8615728891957,599.8561828,31.34174415134421
2025-01-28 13:00:00,826.6253463169617,767.2921348,7.732805906113881
2025-01-28 14:00:00,732.6931834255922,825.0690608,11.196138815923923
2025-01-28 15:00:00,688.2482373852807,770.4423676,10.668433314585448
2025-01-28 16:00:00,419.9311474520415,420.0612245,0.03096621167862159
2025-01-28 17:00:00,162.29136810541868,111.0,46.20843973461143
2025-01-28 18:00:00,61.194533971640084,0.0,50.0
2025-01-28 19:00:00,0.1,0.0,0.0
2025-01-28 20:00:00,0.1,0.0,0.0
2025-01-28 21:00:00,0.1,0.0,0.0
2025-01-28 22:00:00,0.1,0.0,0.0
2025-01-28 23:00:00,0.1,0.0,0.0
2025-01-29 00:00:00,0.1,0.0,0.0
2025-01-29 01:00:00,0.1,0.0,0.0
2025-01-29 02:00:00,0.1,0.0,0.0
2025-01-29 03:00:00,0.1,0.0,0.0
2025-01-29 04:00:00,0.1,0.0,0.0
2025-01-29 05:00:00,0.1,0.0,0.0
2025-01-29 06:00:00,56.56080067734292,56.85106383,0.5105676712137664
2025-01-29 07:00:00,344.6393433263298,337.8898305,1.9975483773341338
2025-01-29 08:00:00,629.7237596133425,626.8756757,0.4543299451142702
2025-01-29 09:00:00,840.1319900377705,920.7810026,8.75876156594257
2025-01-29 10:00:00,909.2132396964487,969.538674,6.222076119425777
2025-01-29 11:00:00,932.2576534380306,1012.793103,7.951816548060493
2025-01-29 12:00:00,898.7013503553198,787.9706667,14.052640324678192
2025-01-29 13:00:00,848.8730759793099,1007.360882,15.732972051290165
2025-01-29 14:00:00,475.50963513389,405.3243671,17.315827453466216
2025-01-29 15:00:00,342.6419724816487,339.3587786,0.9674698545277842
2025-01-29 16:00:00,253.74598635293665,137.9931507,83.88302974876322
2025-01-29 17:00:00,123.55863296550118,35.02222222,200.0
2025-01-29 18:00:00,4.192466442115919,0.0,50.0
2025-01-29 19:00:00,0.1,0.0,0.0
2025-01-29 20:00:00,0.1,0.0,0.0
2025-01-29 21:00:00,0.1,0.0,0.0
2025-01-29 22:00:00,0.1,0.0,0.0
2025-01-29 23:00:00,0.1,0.0,0.0
2025-01-30 00:00:00,0.1,0.0,0.0
2025-01-30 01:00:00,0.1,0.0,0.0
2025-01-30 02:00:00,0.1,0.0,0.0
2025-01-30 03:00:00,0.1,0.0,0.0
2025-01-30 04:00:00,0.1,0.0,0.0
2025-01-30 05:00:00,0.1,0.0,0.0
2025-01-30 06:00:00,41.72183665087414,31.44,32.70304278267855
2025-01-30 07:00:00,331.1314143385574,350.0479233,5.403976913535531
2025-01-30 08:00:00,694.1431253212577,741.1761518,6.345728524119289
2025-01-30 09:00:00,631.0192819534675,674.1777778,6.401649129902906
2025-01-30 10:00:00,894.2999843416217,984.7728532,9.187181446400407
2025-01-30 11:00:00,940.4745244677376,1065.005525,11.692991032348155
2025-01-30 12:00:00,957.3728619440205,1072.744505,10.754810909609773
2025-01-30 13:00:00,907.1785188142217,1017.461538,10.839035685079464
2025-01-30 14:00:00,884.840596429743,983.1088825,9.995666585817577
2025-01-30 15:00:00,701.3244270415098,788.6903409,11.07734041205502
2025-01-30 16:00:00,362.80761351720287,352.8046358,2.83527388876868
2025-01-30 17:00:00,82.42329201321817,113.8851064,27.625925269172708
2025-01-30 18:00:00,50.380232281987126,0.2,100.0
2025-01-30 19:00:00,0.1,0.0,0.0
2025-01-30 20:00:00,0.1,0.0,0.0
2025-01-30 21:00:00,0.1,0.0,0.0
2025-01-30 22:00:00,0.1,0.0,0.0
2025-01-30 23:00:00,0.1,0.0,0.0
2025-01-31 00:00:00,0.1,0.0,0.0
2025-01-31 01:00:00,0.1,0.0,0.0
2025-01-31 02:00:00,0.1,0.0,0.0
2025-01-31 03:00:00,0.1,0.0,0.0
2025-01-31 04:00:00,0.1,0.0,0.0
2025-01-31 05:00:00,0.1,0.0,0.0
2025-01-31 06:00:00,53.11793505317035,67.36144578,21.144900561292033
2025-01-31 07:00:00,344.0021255890057,346.21843,0.6401462830832909
2025-01-31 08:00:00,721.7417898586871,722.4734848,0.10127637300288374
2025-01-31 09:00:00,885.771968283814,915.9059406,3.2900728099269227
2025-01-31 10:00:00,915.1196057363968,953.7695853,4.052339281866091
2025-01-31 11:00:00,936.3738952830533,966.9162791,3.158741297165389
2025-01-31 12:00:00,901.803154475939,977.3917051,7.733700851935027
2025-01-31 13:00:00,907.1526356941115,931.0243243,2.5640241595015967
2025-01-31 14:00:00,859.65271576964,880.2533333,2.340305540579991
2025-01-31 15:00:00,762.7315876967546,772.3968254,1.2513305836336304
2025-01-31 16:00:00,436.8356550115116,381.6541787,14.458501803772242
2025-01-31 17:00:00,174.21185881540654,76.17989418,128.6848264763585
2025-01-31 18:00:00,16.680107913606154,0.0,50.0
2025-01-31 19:00:00,0.1,0.0,0.0
2025-01-31 20:00:00,0.1,0.0,0.0
2025-01-31 21:00:00,0.1,0.0,0.0
2025-01-31 22:00:00,0.1,0.0,0.0
2025-01-31 23:00:00,0.1,0.0,0.0
2025-02-01 00:00:00,0.1,0.0,0.0
2025-02-01 01:00:00,0.1,0.0,0.0
2025-02-01 02:00:00,0.1,0.0,0.0
2025-02-01 03:00:00,0.1,0.0,0.0
2025-02-01 04:00:00,0.1,0.0,0.0
2025-02-01 05:00:00,0.1,0.0,0.0
2025-02-01 06:00:00,39.07422925149401,25.0,56.29691700597604
2025-02-01 07:00:00,325.036240422683,341.4375,4.803590577284855
2025-02-01 08:00:00,686.3444353493865,733.2787879,6.400615062795756
2025-02-01 09:00:00,909.127903546965,924.6336634,1.676962505995983
2025-02-01 10:00:00,926.3342789179796,970.9,4.590145337523981
2025-02-01 11:00:00,959.9617311264436,991.8552036,3.2155371426995614
2025-02-01 12:00:00,948.4084998864005,918.3738872,3.2704123130038036
2025-02-01 13:00:00,895.2086809646952,971.2730061,7.831405244209308
2025-02-01 14:00:00,853.6168049509282,826.8067568,3.242601482200199
2025-02-01 15:00:00,698.3306781019772,700.7275132,0.34204952037306907
2025-02-01 16:00:00,478.7365889807806,433.8240741,10.352702296191122
2025-02-01 17:00:00,148.70270598831738,134.9942197,10.15486908904839
2025-02-01 18:00:00,117.0497832505555,0.285714286,100.0
2025-02-01 19:00:00,0.1,0.0,0.0
2025-02-01 20:00:00,0.1,0.0,0.0
2025-02-01 21:00:00,0.1,0.0,0.0
2025-02-01 22:00:00,0.1,0.0,0.0
2025-02-01 23:00:00,0.1,0.0,0.0
2025-02-02 00:00:00,0.1,0.0,0.0
2025-02-02 01:00:00,0.1,0.0,0.0
2025-02-02 02:00:00,0.1,0.0,0.0
2025-02-02 03:00:00,0.1,0.0,0.0
2025-02-02 04:00:00,0.1,0.0,0.0
2025-02-02 05:00:00,0.1,0.2,50.0
2025-02-02 06:00:00,46.018742244135545,53.5049505,13.991617945454326
2025-02-02 07:00:00,350.7868162712924,366.5659722,4.304588293890623
2025-02-02 08:00:00,779.509934193599,785.0853659,0.7101688489645435
2025-02-02 09:00:00,909.7673282131694,932.1651652,2.40277558344771
2025-02-02 10:00:00,916.7414422078359,975.101983,5.985070465410396
2025-02-02 11:00:00,961.4291381263238,993.6502976,3.242706166495518
2025-02-02 12:00:00,947.5574885610363,936.1517615,1.2183630400653003
2025-02-02 13:00:00,917.8696826289249,900.371831,1.9434028283060396
2025-02-02 14:00:00,870.9285670086177,917.006192,5.0247888611184335
2025-02-02 15:00:00,640.7734037944047,553.1235955,15.846333262129782
2025-02-02 16:00:00,270.375337757339,187.9875519,43.82619222636892
2025-02-02 17:00:00,121.31216140922822,75.45,60.78483950858611
2025-02-02 18:00:00,13.385294337507217,0.5,100.0
2025-02-02 19:00:00,0.1,0.0,0.0
2025-02-02 20:00:00,0.1,0.0,0.0
2025-02-02 21:00:00,0.1,0.0,0.0
2025-02-02 22:00:00,0.1,0.0,0.0
2025-02-02 23:00:00,0.1,0.0,0.0
2025-02-03 00:00:00,0.1,0.0,0.0
2025-02-03 01:00:00,0.1,0.0,0.0
2025-02-03 02:00:00,0.1,0.0,0.0
2025-02-03 03:00:00,0.1,0.0,0.0
2025-02-03 04:00:00,0.1,0.0,0.0
2025-02-03 05:00:00,0.1,0.0,0.0
2025-02-03 06:00:00,67.38996768100046,69.73626374,3.3645279129769765
2025-02-03 07:00:00,344.11095212944366,345.7261146,0.46717977102339386
2025-02-03 08:00:00,592.5651135150575,560.6675676,5.689208322071945
2025-02-03 09:00:00,820.0273751960522,870.772118,5.827557147844715
2025-02-03 10:00:00,885.8134047261484,892.462963,0.7450794654266835
2025-02-03 11:00:00,936.4808358350961,926.8693333,1.0369857098276773
2025-02-03 12:00:00,903.8450417920545,977.5671053,7.541381364844647
2025-02-03 13:00:00,891.4670766796564,911.0793651,2.1526432461996268
2025-02-03 14:00:00,872.3921644236427,939.8502674,7.177537243562557
2025-02-03 15:00:00,783.2072694757013,768.8314917,1.8698216619501793
2025-02-03 16:00:00,414.3648628171686,472.9848943,12.39363713075591
2025-02-03 17:00:00,191.33613681590978,134.9917012,41.73918479064977
2025-02-03 18:00:00,115.40114259568516,0.0,50.0
2025-02-03 19:00:00,0.1,0.0,0.0
2025-02-03 20:00:00,0.1,0.0,0.0
2025-02-03 21:00:00,0.1,0.0,0.0
2025-02-03 22:00:00,0.1,0.166666667,40.000000119999996
2025-02-03 23:00:00,0.1,1.041666667,90.400000003072
2025-02-04 00:00:00,0.1,1.588235294,93.70370370323731
2025-02-04 01:00:00,0.1,0.0,0.0
2025-02-04 02:00:00,0.1,0.0,0.0
2025-02-04 03:00:00,0.1,0.0,0.0
2025-02-04 04:00:00,0.1,0.0,0.0
2025-02-04 05:00:00,0.1,0.0,0.0
2025-02-04 06:00:00,57.60944999373536,62.57731959,7.938770194718468
2025-02-04 07:00:00,333.0075202250416,324.6342593,2.5792905970850564
2025-02-04 08:00:00,681.234465508559,716.9763231,4.98508199502369
2025-02-04 09:00:00,767.4517154390508,775.2533333,1.0063314178528344
2025-02-04 10:00:00,814.8691336839966,893.3236074,8.782312822152276
2025-02-04 11:00:00,821.41856699405,894.0397878,8.12281755207472
2025-02-04 12:00:00,881.7410817629092,996.4946667,11.515724947842399
2025-02-04 13:00:00,865.8731498808701,866.7108753,0.0966556948809437
2025-02-04 14:00:00,820.54839364463,812.1565934,1.0332736707213885
2025-02-04 15:00:00,770.2041242793325,861.0092308,10.546356911446418
2025-02-04 16:00:00,520.6732648114204,454.0152439,14.681890488704012
2025-02-04 17:00:00,188.4209409546184,92.58447489,103.51245840998948
2025-02-04 18:00:00,49.99246203865652,0.2,100.0
2025-02-04 19:00:00,0.1,0.0,0.0
2025-02-04 20:00:00,0.1,0.0,0.0
2025-02-04 21:00:00,0.1,0.0,0.0
2025-02-04 22:00:00,0.1,0.0,0.0
2025-02-04 23:00:00,0.1,0.0,0.0
2025-02-05 00:00:00,0.1,0.0,0.0
2025-02-05 01:00:00,0.1,0.0,0.0
2025-02-05 02:00:00,0.1,0.0,0.0
2025-02-05 03:00:00,0.1,1.444444444,93.07692307479289
2025-02-05 04:00:00,0.1,0.0,0.0
2025-02-05 05:00:00,0.1,0.0,0.0
2025-02-05 06:00:00,55.36064549883876,51.52314815,7.448103399401382
2025-02-05 07:00:00,348.7192949193896,377.0408805,7.511542393772448
2025-02-05 08:00:00,777.6528789640013,774.6542857,0.3870879332051605
2025-02-05 09:00:00,871.2360569620608,938.2767123,7.145083583456123
2025-02-05 10:00:00,887.4217053643822,993.7623188,10.700809582318186
2025-02-05 11:00:00,922.7278281990646,1010.753351,8.708902395806689
2025-02-05 12:00:00,840.6462434588434,781.263369,7.600877862077697
2025-02-05 13:00:00,850.5128543948372,969.5426997,12.276905941532384
2025-02-05 14:00:00,799.2334213155054,991.4463277,19.38712172452122
2025-02-05 15:00:00,622.5041588586414,576.1565217,8.04427883969597
2025-02-05 16:00:00,444.35721876084756,466.9082569,4.829864926544302
2025-02-05 17:00:00,161.6845103864455,106.0634146,52.4413587816411
2025-02-05 18:00:00,75.51191260409777,0.777777778,100.0
2025-02-05 19:00:00,0.1,0.0,0.0
2025-02-05 20:00:00,0.1,0.0,0.0
2025-02-05 21:00:00,0.1,0.0,0.0
2025-02-05 22:00:00,0.1,0.0,0.0
2025-02-05 23:00:00,0.1,0.0,0.0
2025-02-06 00:00:00,0.1,0.0,0.0
2025-02-06 01:00:00,0.1,0.0,0.0
2025-02-06 02:00:00,0.1,0.0,0.0
2025-02-06 03:00:00,0.1,0.0,0.0
2025-02-06 04:00:00,0.1,0.0,0.0
2025-02-06 05:00:00,0.1,0.0,0.0
2025-02-06 06:00:00,60.358491266110775,52.08181818,15.891674629149394
2025-02-06 07:00:00,293.9962098545923,316.5763473,7.132604074179275
2025-02-06 08:00:00,682.0430722665542,714.4663121,4.5381061758035255
2025-02-06 09:00:00,820.5817440257722,895.2448133,8.339961110638454
2025-02-06 10:00:00,745.0053280391602,952.0217391,21.74492478045135
2025-02-06 11:00:00,883.6021910018401,1012.327434,12.715771466306025
2025-02-06 12:00:00,932.4210216963397,1028.571429,9.347956261738663
2025-02-06 13:00:00,939.8335395211469,994.974359,5.541933717193724
2025-02-06 14:00:00,888.6691315234689,919.4137931,3.343941738449338
2025-02-06 15:00:00,771.1486128816671,770.7292308,0.054413672779970425
2025-02-06 16:00:00,560.0037118832843,433.6594427,29.134444391814522
2025-02-06 17:00:00,188.05676169267178,118.3785047,58.86056524303419
2025-02-06 18:00:00,86.03345502109639,0.5,100.0
2025-02-06 19:00:00,0.1,0.0,0.0
2025-02-06 20:00:00,0.1,0.0,0.0
2025-02-06 21:00:00,0.1,0.0,0.0
2025-02-06 22:00:00,0.1,0.0,0.0
2025-02-06 23:00:00,0.1,0.0,0.0
2025-02-07 00:00:00,0.1,0.0,0.0
2025-02-07 01:00:00,0.1,0.0,0.0
2025-02-07 02:00:00,0.1,0.0,0.0
2025-02-07 03:00:00,0.1,0.0,0.0
2025-02-07 04:00:00,0.1,0.0,0.0
2025-02-07 05:00:00,0.1,0.0,0.0
2025-02-07 06:00:00,43.59972337831285,32.0,36.24913555722766
2025-02-07 07:00:00,188.86410718743562,220.0137457,14.158041995720803
2025-02-07 08:00:00,505.27292870476293,521.5694444,3.1245150325061912
2025-02-07 09:00:00,584.3943858927537,604.878187,3.3864340866446776
2025-02-07 10:00:00,861.2112471806985,926.8037634,7.077282032031669
2025-02-07 11:00:00,722.0075384668206,846.2921053,14.685776465930998
2025-02-07 12:00:00,736.0062612662605,715.7661064,2.8277610081399165
2025-02-07 13:00:00,797.4538437230185,456.7877814,74.57862845606724
2025-02-07 14:00:00,619.242623397971,674.5714286,8.202067691609464
2025-02-07 15:00:00,498.0099285843189,450.4185393,10.566036948275077
2025-02-07 16:00:00,415.60293941934464,287.3445378,44.63575420689435
2025-02-07 17:00:00,117.9344545685255,46.15463918,155.52026115639
2025-02-07 18:00:00,13.161728985950882,0.571428571,100.0
2025-02-07 19:00:00,0.1,0.0,0.0
2025-02-07 20:00:00,0.1,0.0,0.0
2025-02-07 21:00:00,0.1,0.0,0.0
2025-02-07 22:00:00,0.1,0.0,0.0
2025-02-07 23:00:00,0.1,0.0,0.0
2025-02-08 00:00:00,0.1,0.0,0.0
2025-02-08 01:00:00,0.1,0.0,0.0
2025-02-08 02:00:00,0.1,0.0,0.0
2025-02-08 03:00:00,0.1,0.0,0.0
2025-02-08 04:00:00,0.1,0.0,0.0
2025-02-08 05:00:00,0.1,0.0,0.0
2025-02-08 06:00:00,48.28863263082111,46.5,3.84652178671207
2025-02-08 07:00:00,225.74162418259868,227.3556485,0.7099116859642554
2025-02-08 08:00:00,586.8063921552337,602.7333333,2.642452352446719
2025-02-08 09:00:00,705.574853791656,690.4546703,2.189887930671299
2025-02-08 10:00:00,669.8402067912318,704.0551075,4.859690717997972
2025-02-08 11:00:00,714.9935844528562,936.9179894,23.686641462532236
2025-02-08 12:00:00,888.2416008082432,1097.049046,19.033556061426708
2025-02-08 13:00:00,886.1237979816673,1007.632219,12.058806648612402
2025-02-08 14:00:00,904.4958268717,992.1360759,8.833490804051104
2025-02-08 15:00:00,792.2146902294472,835.5533981,5.186826834658619
2025-02-08 16:00:00,424.954365909506,422.7732733,0.5159012518651522
2025-02-08 17:00:00,114.59903007554868,89.65217391,27.82627021469923
2025-02-08 18:00:00,21.045158424534186,0.2,100.0
2025-02-08 19:00:00,0.1,0.0,0.0
2025-02-08 20:00:00,0.1,0.0,0.0
2025-02-08 21:00:00,0.1,0.0,0.0
2025-02-08 22:00:00,0.1,0.0,0.0
2025-02-08 23:00:00,0.1,0.0,0.0
2025-02-09 00:00:00,0.1,0.0,0.0
2025-02-09 01:00:00,0.1,0.0,0.0
2025-02-09 02:00:00,0.1,0.0,0.0
2025-02-09 03:00:00,0.1,0.0,0.0
2025-02-09 04:00:00,0.1,0.0,0.0
2025-02-09 05:00:00,0.1,0.0,0.0
2025-02-09 06:00:00,53.97760938659125,37.2027027,45.0905592044291
2025-02-09 07:00:00,292.5410302792868,293.9101449,0.46582761584462834
2025-02-09 08:00:00,730.7552640261065,779.2714286,6.2258364407194104
2025-02-09 09:00:00,853.8715577754224,958.2158055,10.889430869920837
2025-02-09 10:00:00,926.9889283391136,1002.501577,7.532421932627681
2025-02-09 11:00:00,934.0210464644815,1081.663043,13.649536932132985
2025-02-09 12:00:00,804.7108196492778,693.1543536,16.094029485625057
2025-02-09 13:00:00,850.6533594257511,875.2380952,2.808919756701295
2025-02-09 14:00:00,739.530998931372,884.5957447,16.398987519188772
2025-02-09 15:00:00,668.6759508866419,626.3806971,6.752323943323805
2025-02-09 16:00:00,382.232157648446,400.988604,4.677550973881048
2025-02-09 17:00:00,160.1441728421739,96.1369863,66.57914815681495
2025-02-09 18:00:00,16.709544963103724,1.666666667,100.0
2025-02-09 19:00:00,0.1,0.0,0.0
2025-02-09 20:00:00,0.1,0.0,0.0
2025-02-09 21:00:00,0.1,0.0,0.0
2025-02-09 22:00:00,0.1,0.0,0.0
2025-02-09 23:00:00,0.1,0.0,0.0
2025-02-10 00:00:00,0.1,0.0,0.0
2025-02-10 01:00:00,0.1,0.0,0.0
2025-02-10 02:00:00,0.1,0.0,0.0
2025-02-10 03:00:00,0.1,0.0,0.0
2025-02-10 04:00:00,0.1,0.0,0.0
2025-02-10 05:00:00,0.1,0.0,0.0
2025-02-10 06:00:00,59.61329378880738,66.37234043,10.183529158989177
2025-02-10 07:00:00,363.4635125524459,381.0422961,4.61334180679532
2025-02-10 08:00:00,759.4822058132615,771.3116531,1.5336793161615467
2025-02-10 09:00:00,869.6877634602653,944.6203209,7.932558275725185
2025-02-10 10:00:00,924.7059859990298,979.3194444,5.576674568575543
2025-02-10 11:00:00,930.3920821198076,1004.533803,7.380709405574125
2025-02-10 12:00:00,975.0828429326784,965.0513514,1.039477486677336
2025-02-10 13:00:00,920.6358802079894,916.4745763,0.4540555750918394
2025-02-10 14:00:00,849.9050466500884,910.6392573,6.669403955852463
2025-02-10 15:00:00,665.2323435935652,592.5883978,12.258752628849594
2025-02-10 16:00:00,325.4567796320949,290.211838,12.144556843368628
2025-02-10 17:00:00,169.21192527970166,98.68253968,71.47098750033066
2025-02-10 18:00:00,16.325654189834136,1.25,100.0
2025-02-10 19:00:00,0.1,0.0,0.0
2025-02-10 20:00:00,0.1,0.0,0.0
2025-02-10 21:00:00,0.1,0.0,0.0
2025-02-10 22:00:00,0.1,0.0,0.0
2025-02-10 23:00:00,0.1,0.0,0.0
2025-02-11 00:00:00,0.1,0.0,0.0
2025-02-11 01:00:00,0.1,1.826086957,94.52380952524376
2025-02-11 02:00:00,0.1,0.0,0.0
2025-02-11 03:00:00,0.1,0.0,0.0
2025-02-11 04:00:00,0.1,0.0,0.0
2025-02-11 05:00:00,0.1,0.0,0.0
2025-02-11 06:00:00,85.72112397552945,79.80612245,7.411713968731289
2025-02-11 07:00:00,296.53732700759133,288.6257669,2.7411135854452215
2025-02-11 08:00:00,579.7455107157723,577.8733333,0.32397712576232574
2025-02-11 09:00:00,619.2000315508274,630.8764045,1.8508178251533693
2025-02-11 10:00:00,885.1774172654418,941.3010753,5.962349295805395
2025-02-11 11:00:00,818.7411060858088,1044.905292,21.644467459945748
2025-02-11 12:00:00,932.3654036203708,1051.737288,11.349971684148299
2025-02-11 13:00:00,924.1468717077598,1028.185366,10.118651532358038
2025-02-11 14:00:00,924.2680031184627,996.2809524,7.228176861964597
2025-02-11 15:00:00,833.4184773611078,852.8333333,2.2765123243679257
2025-02-11 16:00:00,451.482302047548,480.8700906,6.111377922420537
2025-02-11 17:00:00,193.17502882683237,139.731405,38.247396014398035
2025-02-11 18:00:00,118.69162232927746,1.666666667,100.0
2025-02-11 19:00:00,0.1,0.0,0.0
2025-02-11 20:00:00,0.1,0.0,0.0
2025-02-11 21:00:00,0.1,0.0,0.0
2025-02-11 22:00:00,0.1,0.0,0.0
2025-02-11 23:00:00,0.1,0.0,0.0
2025-02-12 00:00:00,0.1,0.0,0.0
2025-02-12 01:00:00,0.1,0.0,0.0
2025-02-12 02:00:00,0.1,0.0,0.0
2025-02-12 03:00:00,0.1,0.0,0.0
2025-02-12 04:00:00,0.1,0.0,0.0
2025-02-12 05:00:00,0.1,0.0,0.0
2025-02-12 06:00:00,58.446713263552105,60.61538462,3.5777573136644647
2025-02-12 07:00:00,343.4726780386994,352.3108553,2.5086304121326877
2025-02-12 08:00:00,721.848796863123,746.535061,3.306778934643643
2025-02-12 09:00:00,887.0782593425085,928.9769737,4.510199449897461
2025-02-12 10:00:00,935.2977059419422,980.384106,4.598850571130917
2025-02-12 11:00:00,925.7507958682347,1030.992248,10.207783068778738
2025-02-12 12:00:00,903.2431264805789,1041.392857,13.265861158045292
2025-02-12 13:00:00,905.6008898047829,1000.590361,9.493342620279059
2025-02-12 14:00:00,909.8021205456946,969.7366255,6.180493071858854
2025-02-12 15:00:00,801.5866345379928,821.0583658,2.371540449872268
2025-02-12 16:00:00,553.7495859104274,467.8461538,18.36147019969952
2025-02-12 17:00:00,215.7904959482675,89.14,142.0804307250028
2025-02-12 18:00:00,56.900682964073624,0.5,100.0
2025-02-12 19:00:00,0.1,0.0,0.0
2025-02-12 20:00:00,0.1,0.0,0.0
2025-02-12 21:00:00,0.1,0.0,0.0
2025-02-12 22:00:00,0.1,0.0,0.0
2025-02-12 23:00:00,0.1,0.0,0.0
2025-02-13 00:00:00,0.1,0.0,0.0
2025-02-13 01:00:00,0.1,0.0,0.0
2025-02-13 02:00:00,0.1,0.0,0.0
2025-02-13 03:00:00,0.1,0.0,0.0
2025-02-13 04:00:00,0.1,0.3,66.66666666666666
2025-02-13 05:00:00,0.1,0.2,50.0
2025-02-13 06:00:00,54.99280578057818,49.06956522,12.071108708670517
2025-02-13 07:00:00,275.24200913512334,274.5794702,0.24129223304304293
2025-02-13 08:00:00,790.1445446408051,830.2704918,4.832876460802925
2025-02-13 09:00:00,885.1050769349091,922.5552561,4.059396867284386
2025-02-13 10:00:00,801.891610150071,700.4715447,14.478827329596589
2025-02-13 11:00:00,881.8650356445586,1060.44709,16.840260682448694
2025-02-13 12:00:00,842.8247774130598,986.9358289,14.601866430116411
2025-02-13 13:00:00,939.9501202820627,1059.747945,11.304369617620477
2025-02-13 14:00:00,912.0577116152232,993.0811594,8.158794174861763
2025-02-13 15:00:00,767.0837823291147,768.2865854,0.15655656284290395
2025-02-13 16:00:00,593.1912117527532,559.8309859,5.958981673571076
2025-02-13 17:00:00,180.47172115231047,164.6212121,9.628473056486781
2025-02-13 18:00:00,120.88816851277741,0.857142857,100.0
2025-02-13 19:00:00,0.1,0.0,0.0
2025-02-13 20:00:00,0.1,0.0,0.0
2025-02-13 21:00:00,0.1,0.0,0.0
2025-02-13 22:00:00,0.1,0.0,0.0
2025-02-13 23:00:00,0.1,0.0,0.0
2025-02-14 00:00:00,0.1,0.0,0.0
2025-02-14 01:00:00,0.1,0.0,0.0
2025-02-14 02:00:00,0.1,0.0,0.0
2025-02-14 03:00:00,0.1,0.0,0.0
2025-02-14 04:00:00,0.1,0.0,0.0
2025-02-14 05:00:00,0.1,0.0,0.0
2025-02-14 06:00:00,37.95953577677331,31.16129032,21.81631564983702
2025-02-14 07:00:00,287.1175433188489,312.3181818,8.068898946552169
2025-02-14 08:00:00,801.7237447742797,793.6135135,1.0219371440024916
2025-02-14 09:00:00,735.7682895464656,981.9708738,25.072289904158506
2025-02-14 10:00:00,934.1963170123471,1005.621777,7.1026166717203925
2025-02-14 11:00:00,913.4576555830151,1055.123684,13.426485497882615
2025-02-14 12:00:00,914.8757324130116,1041.915858,12.192935217518153
2025-02-14 13:00:00,897.019492327682,1021.00813,12.143746364910735
2025-02-14 14:00:00,906.8086158644849,995.184,8.880305967089011
2025-02-14 15:00:00,839.0659963034515,868.3283582,3.3699650161383565
2025-02-14 16:00:00,615.9851773910281,522.7421384,17.837291494507152
2025-02-14 17:00:00,231.09728703014173,154.1062992,49.95966305713591
2025-02-14 18:00:00,120.54865008079796,1.833333333,100.0
2025-02-14 19:00:00,0.1,0.0,0.0
2025-02-14 20:00:00,0.1,0.0,0.0
2025-02-14 21:00:00,0.1,0.0,0.0
2025-02-14 22:00:00,0.1,0.0,0.0
2025-02-14 23:00:00,0.1,0.0,0.0
2025-02-15 00:00:00,0.1,0.0,0.0
2025-02-15 01:00:00,0.1,0.0,0.0
2025-02-15 02:00:00,0.1,0.0,0.0
2025-02-15 03:00:00,0.1,0.0,0.0
2025-02-15 04:00:00,0.1,0.0,0.0
2025-02-15 05:00:00,0.1,0.0,0.0
2025-02-15 06:00:00,68.77154833011615,81.83636364,15.964559920277335
2025-02-15 07:00:00,362.81416881086,386.0625,6.021908677776268
2025-02-15 08:00:00,763.3279582855192,761.7005814,0.2136504717546744
2025-02-15 09:00:00,894.8804137741022,949.0613497,5.708897105864079
2025-02-15 10:00:00,896.3952151839553,997.533557,10.138841055153062
2025-02-15 11:00:00,961.2710124223352,1044.393064,7.95888582975738
2025-02-15 12:00:00,899.1391993209171,1032.341538,12.902933164652222
2025-02-15 13:00:00,933.5962312085553,1023.416168,8.776482099845492
2025-02-15 14:00:00,921.6634411284255,973.4831081,5.323119275558237
2025-02-15 15:00:00,808.4019165790688,827.4635036,2.3036166475017863
2025-02-15 16:00:00,514.5880883545477,458.7410072,12.173989305080749
2025-02-15 17:00:00,227.74812274200866,128.8864629,76.7044557027786
2025-02-15 18:00:00,113.64759085832382,0.0,50.0
2025-02-15 19:00:00,0.1,0.0,0.0
2025-02-15 20:00:00,0.1,0.0,0.0
2025-02-15 21:00:00,0.1,0.0,0.0
2025-02-15 22:00:00,0.1,0.0,0.0
2025-02-15 23:00:00,0.1,0.0,0.0
2025-02-16 00:00:00,0.1,0.0,0.0
2025-02-16 01:00:00,0.1,0.0,0.0
2025-02-16 02:00:00,0.1,0.0,0.0
2025-02-16 03:00:00,0.1,0.0,0.0
2025-02-16 04:00:00,0.1,0.0,0.0
2025-02-16 05:00:00,0.1,0.0,0.0
2025-02-16 06:00:00,78.5980504202474,75.35849057,4.298865099000619
2025-02-16 07:00:00,351.64998803038543,363.1302817,3.161480671859535
2025-02-16 08:00:00,758.7392587861193,777.1553846,2.3696838725964016
2025-02-16 09:00:00,849.1865136221498,841.7913279,0.8785058098184988
2025-02-16 10:00:00,816.2905000667298,825.1374663,1.0721808904085905
2025-02-16 11:00:00,783.1212161703537,925.2567568,15.36174035855971
2025-02-16 12:00:00,839.0620075368914,884.1939058,5.104298725320236
2025-02-16 13:00:00,832.1459743328352,901.1309192,7.655374307698576
2025-02-16 14:00:00,847.085216264737,861.2044118,1.6394708784355272
2025-02-16 15:00:00,688.7253357448983,653.0911854,5.45622895263445
2025-02-16 16:00:00,386.2014641532112,408.2358491,5.397464479262657
2025-02-16 17:00:00,196.30191247496728,88.19574468,122.5752650393827
2025-02-16 18:00:00,14.838790943017635,0.5,100.0
2025-02-16 19:00:00,0.1,0.0,0.0
2025-02-16 20:00:00,0.1,0.0,0.0
2025-02-16 21:00:00,0.1,0.0,0.0
2025-02-16 22:00:00,0.1,0.0,0.0
2025-02-16 23:00:00,0.1,0.0,0.0
2025-02-17 00:00:00,0.1,0.0,0.0
2025-02-17 01:00:00,0.1,0.0,0.0
2025-02-17 02:00:00,0.1,0.0,0.0
2025-02-17 03:00:00,0.1,0.0,0.0
2025-02-17 04:00:00,0.1,0.0,0.0
2025-02-17 05:00:00,0.1,0.0,0.0
2025-02-17 06:00:00,50.556335137714726,25.39622642,99.07026461971007
2025-02-17 07:00:00,303.5174882958063,311.2733564,2.49165819840587
2025-02-17 08:00:00,784.9581558040879,805.9607843,2.605911963093024
2025-02-17 09:00:00,881.8506195682608,919.4527027,4.089615813985825
2025-02-17 10:00:00,769.6004790508316,824.6820652,6.6791298699833055
2025-02-17 11:00:00,917.33594027817,1032.375676,11.143204784479064
2025-02-17 12:00:00,906.3388748216136,1085.024,16.46831085564802
2025-02-17 13:00:00,884.4986838610953,911.3451087,2.945802263337992
2025-02-17 14:00:00,875.3929758179381,990.3585434,11.608479408616358
2025-02-17 15:00:00,794.6802669005258,851.5811209,6.68178903958534
2025-02-17 16:00:00,399.7328858811858,323.7592593,23.466086111467018
2025-02-17 17:00:00,154.0845233642548,55.37956204,178.2335534776555
2025-02-17 18:00:00,10.703651647184712,1.666666667,100.0
2025-02-17 19:00:00,0.1,0.0,0.0
2025-02-17 20:00:00,0.1,0.0,0.0
2025-02-17 21:00:00,0.1,0.0,0.0
2025-02-17 22:00:00,0.1,0.0,0.0
2025-02-17 23:00:00,0.1,0.384615385,74.000000026
2025-02-18 00:00:00,0.1,0.0,0.0
2025-02-18 01:00:00,0.1,0.285714286,65.000000035
2025-02-18 02:00:00,0.1,0.0,0.0
2025-02-18 03:00:00,0.1,0.0,0.0
2025-02-18 04:00:00,0.1,0.0,0.0
2025-02-18 05:00:00,0.1,0.0,0.0
2025-02-18 06:00:00,32.56359409247932,30.51470588,6.714428841413822
2025-02-18 07:00:00,303.7092942036638,323.2291667,6.039019527731323
2025-02-18 08:00:00,736.0401126199922,765.5240113,3.851466217230562
2025-02-18 09:00:00,738.0135093084762,932.2222222,20.832877426285823
2025-02-18 10:00:00,951.4396840667109,1042.616216,8.74497543142845
2025-02-18 11:00:00,942.1999883403247,1049.700272,10.241045613416336
2025-02-18 12:00:00,910.8665763088945,1094.562842,16.782614815925342
2025-02-18 13:00:00,904.8030645639523,1039.14876,12.928437256283477
2025-02-18 14:00:00,765.9926475692648,669.5977961,14.395933205083148
2025-02-18 15:00:00,698.7220718351211,775.9916435,9.957526258448537
2025-02-18 16:00:00,444.7034859904037,449.2521994,1.012507766388534
2025-02-18 17:00:00,138.3560945864588,128.7827869,7.433685756383336
2025-02-18 18:00:00,105.55171749539448,0.2,100.0
2025-02-18 19:00:00,0.1,0.0,0.0
2025-02-18 20:00:00,0.1,0.0,0.0
2025-02-18 21:00:00,0.1,0.0,0.0
2025-02-18 22:00:00,0.1,0.0,0.0
2025-02-18 23:00:00,0.1,0.0,0.0
2025-02-19 00:00:00,0.1,0.0,0.0
2025-02-19 01:00:00,0.1,0.0,0.0
2025-02-19 02:00:00,0.1,0.0,0.0
2025-02-19 03:00:00,0.1,0.0,0.0
2025-02-19 04:00:00,0.1,0.0,0.0
2025-02-19 05:00:00,0.1,0.0,0.0
2025-02-19 06:00:00,58.33233736902913,72.99166667,20.083565658593102
2025-02-19 07:00:00,339.05435134121217,348.8487085,2.807623167332958
2025-02-19 08:00:00,744.0365733939113,762.3026316,2.396168850650561
2025-02-19 09:00:00,684.7476825564765,695.3267606,1.5214541770828252
2025-02-19 10:00:00,738.672871374624,966.4891304,23.571528314145638
2025-02-19 11:00:00,744.5302673955914,788.1486486,5.534283574791197
2025-02-19 12:00:00,747.6419588328243,494.653125,51.144695352490565
2025-02-19 13:00:00,631.1638373760507,608.1960227,3.7763835702325603
2025-02-19 14:00:00,706.3405531146446,883.3109244,20.034889912129714
2025-02-19 15:00:00,666.0496912056627,780.7300275,14.688859433466234
2025-02-19 16:00:00,488.9612347338395,408.2344214,19.774621908900972
2025-02-19 17:00:00,162.34351407826483,60.60833333,167.8567536156085
2025-02-19 18:00:00,15.057604284560153,1.666666667,100.0
2025-02-19 19:00:00,0.1,0.0,0.0
2025-02-19 20:00:00,0.1,0.0,0.0
2025-02-19 21:00:00,0.1,0.0,0.0
2025-02-19 22:00:00,0.1,0.0,0.0
2025-02-19 23:00:00,0.1,0.333333333,69.99999997
2025-02-20 00:00:00,0.1,0.166666667,40.000000119999996
2025-02-20 01:00:00,0.1,0.0,0.0
2025-02-20 02:00:00,0.1,0.0,0.0
2025-02-20 03:00:00,0.1,0.0,0.0
2025-02-20 04:00:00,0.1,0.0,0.0
2025-02-20 05:00:00,0.1,0.0,0.0
2025-02-20 06:00:00,54.71740209996476,45.05825243,21.437026846459865
2025-02-20 07:00:00,165.9329833520569,152.9648438,8.47785623800761
2025-02-20 08:00:00,545.6076362880274,576.8689459,5.419135461209542
2025-02-20 09:00:00,843.2136650983355,954.7897574,11.685933100654408
2025-02-20 10:00:00,694.7695445147095,1007.34626,31.02971916382461
2025-02-20 11:00:00,970.2078909538715,1044.726902,7.132869930263233
2025-02-20 12:00:00,909.6994827227584,1101.574468,17.418249138036636
2025-02-20 13:00:00,904.5783932544423,952.4604905,5.027200364019477
2025-02-20 14:00:00,869.364210827089,951.6573816,8.64735275152843
2025-02-20 15:00:00,718.2288999031589,714.1593407,0.5698391060978053
2025-02-20 16:00:00,427.58200672969906,389.8773006,9.670915970658859
2025-02-20 17:00:00,135.60214370838617,116.6368159,16.260155648149997
2025-02-20 18:00:00,58.78428477455799,0.5,100.0
2025-02-20 19:00:00,0.1,0.0,0.0
2025-02-20 20:00:00,0.1,0.0,0.0
2025-02-20 21:00:00,0.1,0.0,0.0
2025-02-20 22:00:00,0.1,0.0,0.0
2025-02-20 23:00:00,0.1,0.0,0.0
2025-02-21 00:00:00,0.1,0.0,0.0
2025-02-21 01:00:00,0.1,0.0,0.0
2025-02-21 02:00:00,0.1,0.0,0.0
2025-02-21 03:00:00,0.1,0.0,0.0
2025-02-21 04:00:00,0.1,0.0,0.0
2025-02-21 05:00:00,0.1,0.0,0.0
2025-02-21 06:00:00,37.189050311259095,23.5,58.25127792025147
2025-02-21 07:00:00,98.72949070050521,77.475,27.433998968060948
2025-02-21 08:00:00,280.6003191969287,248.5388199,12.89999659201275
2025-02-21 09:00:00,579.1966598493148,580.3638968,0.20112156478394927
2025-02-21 10:00:00,825.9472800580696,1068.834239,22.72447401845726
2025-02-21 11:00:00,871.7628351970749,1155.360111,24.546223562925576
2025-02-21 12:00:00,879.7508337653074,950.8039216,7.472948546018336
2025-02-21 13:00:00,884.2395141586492,1066.322581,17.075795831932282
2025-02-21 14:00:00,788.9067734071247,767.6945245,2.7631106162884453
2025-02-21 15:00:00,396.1908786630661,155.7290323,154.41041584322878
2025-02-21 16:00:00,170.4442123847899,108.7272727,56.76307163068378
2025-02-21 17:00:00,101.97772630011153,88.16901408,15.661638461310478
2025-02-21 18:00:00,16.230742564243887,0.5,100.0
2025-02-21 19:00:00,0.1,0.0,0.0
2025-02-21 20:00:00,0.1,0.0,0.0
2025-02-21 21:00:00,0.1,0.0,0.0
2025-02-21 22:00:00,0.1,0.0,0.0
2025-02-21 23:00:00,0.1,0.0,0.0
2025-02-22 00:00:00,0.1,0.333333333,69.99999997
2025-02-22 01:00:00,0.1,0.0,0.0
2025-02-22 02:00:00,0.1,0.0,0.0
2025-02-22 03:00:00,0.1,0.0,0.0
2025-02-22 04:00:00,0.1,0.0,0.0
2025-02-22 05:00:00,0.1,0.0,0.0
2025-02-22 06:00:00,53.59275294043004,87.23966942,38.568367697019596
2025-02-22 07:00:00,247.47979363716735,375.3046154,34.058952786018054
2025-02-22 08:00:00,627.3707455895573,795.5139319,21.13642257764747
2025-02-22 09:00:00,920.9745395864434,961.6132597,4.226098143263425
2025-02-22 10:00:00,880.4883200690385,1034.141304,14.858026010240613
2025-02-22 11:00:00,892.0334264227624,1007.127371,11.427943266297904
2025-02-22 12:00:00,950.5423522717317,1063.325269,10.60662433371253
2025-02-22 13:00:00,900.7245198075971,1082.397333,16.78429978101238
2025-02-22 14:00:00,866.7784062926376,852.4505814,1.6807807050945514
2025-02-22 15:00:00,494.11525979872874,464.9109195,6.28170668267747
2025-02-22 16:00:00,243.84332212894785,201.3093923,21.128636544469778
2025-02-22 17:00:00,121.43007646630657,49.5,145.3132857905183
2025-02-22 18:00:00,15.820465828250033,0.0,50.0
2025-02-22 19:00:00,0.1,0.0,0.0
2025-02-22 20:00:00,0.1,0.0,0.0
2025-02-22 21:00:00,0.1,0.166666667,40.000000119999996
2025-02-22 22:00:00,0.1,1.921052632,94.79452054908613
2025-02-22 23:00:00,0.1,0.5,80.0
2025-02-23 00:00:00,0.1,1.066666667,90.6250000029297
2025-02-23 01:00:00,0.1,0.166666667,40.000000119999996
2025-02-23 02:00:00,0.1,0.0,0.0
2025-02-23 03:00:00,0.1,0.0,0.0
2025-02-23 04:00:00,0.1,0.0,0.0
2025-02-23 05:00:00,0.1,0.0,0.0
2025-02-23 06:00:00,69.19584892508327,68.06504065,1.661364283756243
2025-02-23 07:00:00,163.95976286309624,159.1623134,3.0141868138341956
2025-02-23 08:00:00,588.0362497803604,637.0225989,7.689891882050719
2025-02-23 09:00:00,766.751859870089,975.954023,21.43565764367068
2025-02-23 10:00:00,992.12353165968,1054.83432,5.945084185383723
2025-02-23 11:00:00,952.4506266178464,982.6737968,3.0756055855537165
2025-02-23 12:00:00,870.1220974169893,767.430137,13.381278042901426
2025-02-23 13:00:00,811.2954681205691,872.4623656,7.010835067638231
2025-02-23 14:00:00,722.6785177681371,807.2231638,10.473515853270271
2025-02-23 15:00:00,700.2056654778294,877.7935103,20.231164019596946
2025-02-23 16:00:00,430.1818898590769,475.3882682,9.50935926797092
2025-02-23 17:00:00,105.074872035341,35.18699187,198.61851340843535
2025-02-23 18:00:00,22.29663879515009,2.166666667,100.0
2025-02-23 19:00:00,0.1,0.6,83.33333333333334
2025-02-23 20:00:00,0.1,0.0,0.0
2025-02-23 21:00:00,0.1,0.666666667,85.00000000749999
2025-02-23 22:00:00,0.1,1.066666667,90.6250000029297
2025-02-23 23:00:00,0.1,0.0,0.0
2025-02-24 00:00:00,0.1,0.0,0.0
2025-02-24 01:00:00,0.1,0.0,0.0
2025-02-24 02:00:00,0.1,0.0,0.0
2025-02-24 03:00:00,0.1,0.0,0.0
2025-02-24 04:00:00,0.1,0.0,0.0
2025-02-24 05:00:00,0.1,0.0,0.0
2025-02-24 06:00:00,33.09567659405368,14.5625,100.0
2025-02-24 07:00:00,92.879998974683,61.25609756,51.62572000886536
2025-02-24 08:00:00,263.54289134489676,234.2619048,12.499252309032178
2025-02-24 09:00:00,425.1756527098004,433.3338509,1.8826588721965087
2025-02-24 10:00:00,652.77940006504,669.6584022,2.5205391404793955
2025-02-24 11:00:00,657.7173837492073,699.7345133,6.0047244708049
2025-02-24 12:00:00,627.1008631359745,408.6032787,53.474261178505444
2025-02-24 13:00:00,505.5603132612422,165.6327434,200.0
2025-02-24 14:00:00,328.16609688160867,108.2107143,200.0
2025-02-24 15:00:00,259.82368042008255,123.8871951,109.72601745511838
2025-02-24 16:00:00,283.6564139653198,298.0947368,4.843534974710834
2025-02-24 17:00:00,90.28493479532598,127.1267606,28.98038590049153
2025-02-24 18:00:00,71.132283069973,2.545454545,100.0
2025-02-24 19:00:00,0.1,0.0,0.0
2025-02-24 20:00:00,0.1,0.0,0.0
2025-02-24 21:00:00,0.1,0.0,0.0
2025-02-24 22:00:00,0.1,0.0,0.0
2025-02-24 23:00:00,0.1,0.0,0.0
2025-02-25 00:00:00,0.1,0.0,0.0
2025-02-25 01:00:00,0.1,0.0,0.0
2025-02-25 02:00:00,0.1,0.0,0.0
2025-02-25 03:00:00,0.1,0.0,0.0
2025-02-25 04:00:00,0.1,0.0,0.0
2025-02-25 05:00:00,0.1,0.0,0.0
2025-02-25 06:00:00,42.71625385269575,54.62393162,21.799378796352283
2025-02-25 07:00:00,169.3258258038784,271.869697,37.7180216580451
2025-02-25 08:00:00,551.2815654103882,565.8495822,2.574538755153253
2025-02-25 09:00:00,723.7953917252851,729.3221289,0.7577909617319142
2025-02-25 10:00:00,632.7928619040729,492.0736544,28.597183825184864
2025-02-25 11:00:00,648.2158300919817,618.4790419,4.808051070029599
2025-02-25 12:00:00,563.2877461974691,538.7231638,4.559778388624983
2025-02-25 13:00:00,442.43156486967314,382.625,15.630595196255639
2025-02-25 14:00:00,369.6284007334637,499.4475138,25.99254365665366
2025-02-25 15:00:00,349.6094322804071,432.8522099,19.231223894831018
2025-02-25 16:00:00,364.87987908138484,213.3925926,70.98994610621027
2025-02-25 17:00:00,171.20789007111583,69.90410959,144.9182044879485
2025-02-25 18:00:00,13.74804533599531,0.789473684,100.0
2025-02-25 19:00:00,0.1,0.0,0.0
2025-02-25 20:00:00,0.1,0.0,0.0
2025-02-25 21:00:00,0.1,0.25,60.0
2025-02-25 22:00:00,0.1,0.529411765,81.11111112160494
2025-02-25 23:00:00,0.1,0.466666667,78.57142858673468
2025-02-26 00:00:00,0.1,0.2,50.0
2025-02-26 01:00:00,0.1,0.0,0.0
2025-02-26 02:00:00,0.1,0.0,0.0
2025-02-26 03:00:00,0.1,0.0,0.0
2025-02-26 04:00:00,0.1,0.0,0.0
2025-02-26 05:00:00,0.1,0.0,0.0
2025-02-26 06:00:00,41.32131653411793,22.5,83.6502957071908
2025-02-26 07:00:00,141.84744135506432,132.4319249,7.109702937697242
2025-02-26 08:00:00,496.44271515721937,484.9915254,2.361111309682148
2025-02-26 09:00:00,757.0001348046892,719.5582656,5.203452033654072
2025-02-26 10:00:00,756.85172642295,756.0136986,0.11084823257857819
2025-02-26 11:00:00,788.5338308669643,840.820442,6.218522828567916
2025-02-26 12:00:00,738.8827119411671,706.6321526,4.563981305195863
2025-02-26 13:00:00,731.1857849331316,863.2282609,15.296356936831659
2025-02-26 14:00:00,739.2063476189833,852.3914209,13.278532667716188
2025-02-26 15:00:00,671.8420295302789,742.5757576,9.525456136399074
2025-02-26 16:00:00,429.7927076634443,429.7192429,0.01709599108210944
2025-02-26 17:00:00,138.17704180110042,100.1043956,38.03294148364091
2025-02-26 18:00:00,30.544530804919756,0.0,50.0
2025-02-26 19:00:00,0.1,0.0,0.0
2025-02-26 20:00:00,0.1,0.0,0.0
2025-02-26 21:00:00,0.1,0.0,0.0
2025-02-26 22:00:00,0.1,0.0,0.0
2025-02-26 23:00:00,0.1,0.0,0.0
2025-02-27 00:00:00,0.1,0.2,50.0
2025-02-27 01:00:00,0.1,0.25,60.0
2025-02-27 02:00:00,0.1,0.0,0.0
2025-02-27 03:00:00,0.1,0.0,0.0
2025-02-27 04:00:00,0.1,0.0,0.0
2025-02-27 05:00:00,0.1,0.0,0.0
2025-02-27 06:00:00,40.957997742324544,61.55691057,33.463201185594286
2025-02-27 07:00:00,229.77386687240477,236.8559871,2.990053286938942
2025-02-27 08:00:00,638.2788950516679,689.6747967,7.452193685234626
2025-02-27 09:00:00,770.0546396952211,805.8688525,4.444173849587876
2025-02-27 10:00:00,920.571675547163,1064.544199,13.524334977174302
2025-02-27 11:00:00,937.8730928835575,1042.073314,9.999317679143873
2025-02-27 12:00:00,945.7744571466526,1047.288889,9.693068733907605
2025-02-27 13:00:00,887.9431907994109,811.6486486,9.399946926667118
2025-02-27 14:00:00,790.3585994015423,753.5295699,4.887536066624414
2025-02-27 15:00:00,420.92123917475294,360.4654545,16.771589044118212
2025-02-27 16:00:00,241.33933084111064,174.3225806,38.44410173968628
2025-02-27 17:00:00,131.37704614319367,52.0,152.64816565998782
2025-02-27 18:00:00,10.153334269137599,0.2,100.0
2025-02-27 19:00:00,0.1,0.0,0.0
2025-02-27 20:00:00,0.1,0.0,0.0
2025-02-27 21:00:00,0.1,0.0,0.0
2025-02-27 22:00:00,0.1,0.0,0.0
2025-02-27 23:00:00,0.1,0.0,0.0
